Date, Vis Team, Rushing Yards, Rushing Attempts, Passing Yards,Passing Attempts, Passing Completions, Penalties, Penalty Yards, Fumbles Lost,Interceptions Thrown, 1st Downs, 3rd Down Attempts, 3rd Down Conversions,4th Down Attempts, 4th Down conversions, Time of Possession, Score,Home Team, Rushing Yards, Rushing Attempts, Passing Yards,Passing Attempts, Passing Completions, Penalties, Penalty Yards, Fumbles Lost,Interceptions Thrown, 1st Downs, 3rd Down Attempts, 3rd Down Conversions,4th Down Attempts, 4th Down conversions, Time of Possession, Score
2008-09-04, Redskins, 84, 24, 125, 27, 15, 7, 35, 0, 0, 11, 13, 3, 2, 1, 1457, 7, Giants, 154, 32, 200, 35, 19, 7, 70, 0, 1, 21, 14, 7, 0, 0, 2143, 16
2008-09-07, Bengals, 70, 24, 84, 24, 9, 5, 40, 1, 1, 8, 13, 2, 2, 0, 1425, 10, Ravens, 229, 46, 129, 29, 15, 9, 64, 2, 0, 21, 17, 9, 1, 0, 2175, 17
2008-09-07, Bears, 183, 39, 136, 21, 13, 7, 60, 0, 0, 17, 16, 10, 0, 0, 1904, 29, Colts, 53, 15, 240, 49, 30, 6, 40, 1, 0, 23, 11, 5, 2, 0, 1696, 13
2008-09-07, Rams, 36, 15, 130, 26, 14, 9, 66, 0, 0, 8, 11, 0, 0, 0, 1490, 3, Eagles, 108, 32, 414, 39, 26, 4, 41, 0, 0, 28, 14, 8, 0, 0, 2110, 38
2008-09-07, Seahawks, 85, 21, 167, 41, 17, 5, 30, 1, 1, 16, 16, 3, 1, 0, 1721, 10, Bills, 106, 29, 232, 31, 20, 1, 14, 0, 0, 13, 16, 4, 1, 1, 1879, 34
2008-09-07, Chiefs, 102, 27, 182, 31, 19, 2, 15, 0, 1, 14, 16, 8, 1, 0, 1811, 10, Patriots, 126, 28, 212, 29, 20, 3, 30, 2, 0, 18, 13, 7, 0, 0, 1789, 17
2008-09-07, Lions, 70, 21, 246, 33, 24, 5, 30, 0, 1, 21, 9, 2, 0, 0, 1853, 21, Falcons, 318, 42, 156, 13, 9, 7, 68, 0, 0, 23, 9, 3, 0, 0, 1747, 34
2008-09-07, Panthers, 142, 29, 246, 41, 23, 6, 29, 1, 0, 20, 15, 5, 2, 1, 1922, 26, Chargers, 105, 27, 211, 27, 17, 2, 12, 1, 0, 17, 12, 4, 1, 1, 1678, 24
2008-09-07, Buccaneers, 146, 20, 206, 41, 24, 7, 66, 0, 1, 18, 12, 2, 1, 0, 1708, 20, Saints, 101, 27, 337, 32, 23, 7, 51, 0, 1, 16, 13, 5, 0, 0, 1892, 24
2008-09-07, Cowboys, 167, 31, 320, 32, 24, 11, 82, 0, 1, 30, 11, 8, 1, 1, 2249, 28, Browns, 91, 18, 114, 24, 11, 9, 55, 0, 0, 11, 9, 3, 0, 0, 1351, 10
2008-09-07, Jets, 112, 31, 181, 22, 15, 7, 40, 1, 0, 15, 13, 5, 1, 1, 1861, 20, Dolphins, 49, 17, 228, 43, 26, 4, 59, 0, 1, 18, 13, 3, 2, 1, 1739, 14
2008-09-07, Cardinals, 109, 39, 176, 30, 19, 4, 40, 0, 0, 18, 16, 5, 3, 2, 2225, 23, 49ers, 108, 20, 183, 20, 14, 3, 20, 4, 1, 13, 8, 3, 0, 0, 1375, 13
2008-09-07, Jaguars, 33, 17, 156, 35, 23, 6, 50, 1, 2, 13, 14, 5, 1, 1, 1880, 10, Titans, 137, 32, 172, 24, 14, 5, 36, 0, 2, 14, 13, 3, 1, 0, 1720, 17
2008-09-07, Texans, 75, 20, 159, 33, 25, 5, 43, 1, 2, 20, 10, 3, 1, 0, 1709, 17, Steelers, 183, 39, 122, 18, 13, 4, 41, 1, 0, 21, 10, 6, 0, 0, 1891, 38
2008-09-08, Vikings, 187, 33, 168, 35, 16, 9, 42, 0, 1, 21, 16, 7, 2, 2, 1921, 19, Packers, 139, 27, 178, 22, 18, 12, 118, 0, 0, 15, 10, 4, 0, 0, 1679, 24
2008-09-08, Broncos, 141, 34, 300, 25, 16, 3, 15, 0, 0, 24, 10, 5, 0, 0, 1790, 41, Raiders, 150, 30, 157, 26, 17, 10, 96, 1, 0, 15, 12, 2, 4, 3, 1810, 14
2008-09-14, Patriots, 104, 32, 156, 23, 16, 2, 10, 0, 0, 18, 14, 6, 1, 1, 1895, 19, Jets, 104, 21, 152, 26, 18, 6, 60, 0, 1, 12, 12, 6, 0, 0, 1705, 10
2008-09-14, Titans, 177, 41, 118, 21, 14, 5, 25, 1, 0, 16, 13, 4, 2, 0, 1954, 24, Bengals, 88, 28, 127, 27, 16, 5, 35, 0, 2, 11, 13, 3, 2, 2, 1646, 7
2008-09-14, Colts, 25, 19, 296, 42, 26, 5, 45, 0, 2, 17, 15, 6, 0, 0, 1646, 18, Vikings, 179, 36, 120, 24, 14, 2, 5, 1, 0, 16, 13, 2, 0, 0, 1954, 15
2008-09-14, 49ers, 93, 23, 272, 32, 20, 9, 60, 1, 0, 20, 14, 5, 0, 0, 2068, 33, Seahawks, 169, 34, 182, 36, 18, 10, 75, 1, 2, 22, 13, 5, 0, 0, 1812, 30
2008-09-14, Bills, 75, 26, 210, 25, 20, 4, 40, 1, 0, 18, 11, 6, 0, 0, 1874, 20, Jaguars, 98, 27, 145, 28, 17, 5, 35, 0, 1, 18, 11, 2, 2, 2, 1726, 16
2008-09-14, Falcons, 105, 28, 129, 33, 13, 8, 60, 0, 2, 14, 19, 7, 1, 0, 1778, 9, Buccaneers, 164, 28, 147, 31, 18, 11, 94, 1, 0, 15, 14, 6, 1, 0, 1822, 24
2008-09-14, Dolphins, 72, 24, 164, 32, 17, 6, 42, 0, 0, 17, 12, 3, 2, 2, 1686, 10, Cardinals, 81, 31, 364, 26, 20, 8, 45, 0, 0, 22, 13, 7, 0, 0, 1914, 31
2008-09-14, Giants, 200, 31, 241, 29, 20, 7, 69, 0, 0, 25, 9, 4, 0, 0, 1902, 41, Rams, 68, 16, 133, 32, 20, 5, 40, 0, 1, 13, 13, 3, 1, 1, 1698, 13
2008-09-14, Chargers, 80, 18, 376, 33, 21, 8, 60, 0, 1, 19, 10, 6, 0, 0, 1560, 38, Broncos, 145, 24, 341, 50, 36, 7, 67, 0, 1, 34, 10, 4, 1, 1, 2040, 39
2008-09-14, Packers, 123, 30, 324, 38, 24, 8, 62, 1, 0, 19, 16, 9, 1, 0, 2128, 48, Lions, 49, 12, 262, 45, 23, 5, 40, 0, 3, 15, 12, 2, 1, 0, 1472, 25
2008-09-14, Raiders, 300, 47, 55, 17, 6, 9, 61, 2, 0, 18, 14, 6, 1, 1, 1951, 23, Chiefs, 55, 19, 135, 38, 17, 5, 36, 0, 2, 15, 15, 4, 0, 0, 1649, 8
2008-09-14, Bears, 115, 29, 141, 32, 19, 12, 86, 2, 0, 12, 15, 6, 1, 0, 1695, 17, Panthers, 114, 31, 102, 21, 12, 10, 65, 0, 1, 12, 13, 2, 0, 0, 1905, 20
2008-09-14, Saints, 55, 19, 195, 33, 22, 5, 55, 1, 2, 16, 10, 3, 0, 0, 1546, 24, Redskins, 149, 31, 306, 36, 24, 4, 26, 1, 0, 25, 11, 3, 1, 1, 2054, 29
2008-09-14, Steelers, 117, 31, 164, 20, 13, 7, 60, 0, 0, 14, 12, 3, 2, 1, 1783, 10, Browns, 53, 25, 155, 32, 18, 10, 65, 0, 2, 17, 15, 7, 0, 0, 1817, 6
2008-09-15, Eagles, 78, 23, 259, 37, 25, 5, 44, 1, 0, 23, 12, 5, 1, 0, 1858, 37, Cowboys, 68, 24, 312, 30, 21, 10, 108, 1, 1, 20, 10, 6, 0, 0, 1742, 41
2008-09-21, Buccaneers, 47, 17, 407, 67, 38, 6, 61, 1, 3, 28, 16, 6, 0, 0, 1882, 27, Bears, 158, 37, 247, 34, 22, 8, 64, 0, 2, 21, 15, 4, 1, 1, 2357, 24
2008-09-21, Chiefs, 184, 33, 117, 36, 14, 3, 13, 0, 3, 17, 18, 8, 2, 1, 1790, 14, Falcons, 186, 36, 192, 18, 12, 4, 22, 1, 0, 16, 13, 6, 0, 0, 1810, 38
2008-09-21, Cowboys, 217, 35, 236, 31, 17, 7, 54, 1, 1, 22, 14, 7, 1, 0, 1932, 27, Packers, 84, 21, 250, 39, 22, 8, 68, 1, 0, 17, 14, 4, 2, 1, 1668, 16
2008-09-21, Texans, 146, 28, 171, 37, 17, 2, 10, 0, 3, 18, 15, 3, 6, 2, 1841, 12, Titans, 158, 37, 185, 25, 13, 8, 75, 1, 1, 19, 13, 5, 1, 1, 1759, 31
2008-09-21, Rams, 65, 24, 175, 31, 18, 7, 51, 1, 1, 14, 12, 5, 1, 0, 1502, 13, Seahawks, 245, 46, 162, 20, 12, 5, 55, 1, 0, 24, 12, 6, 1, 1, 2098, 37
2008-09-21, Dolphins, 216, 36, 245, 21, 18, 5, 35, 0, 0, 23, 9, 4, 0, 0, 1953, 38, Patriots, 78, 19, 137, 35, 22, 2, 10, 1, 1, 14, 15, 4, 3, 2, 1647, 13
2008-09-21, Bengals, 102, 27, 245, 39, 27, 8, 57, 0, 0, 24, 17, 10, 0, 0, 1995, 23, Giants, 117, 25, 289, 43, 26, 6, 40, 0, 0, 24, 12, 5, 0, 0, 1986, 26
2008-09-21, Raiders, 98, 30, 149, 19, 9, 3, 25, 1, 0, 10, 12, 2, 0, 0, 1533, 23, Bills, 116, 30, 262, 39, 24, 4, 25, 2, 1, 25, 12, 5, 1, 1, 2067, 24
2008-09-21, Panthers, 47, 20, 157, 29, 17, 12, 67, 2, 0, 14, 11, 3, 1, 0, 1542, 10, Vikings, 119, 32, 186, 28, 16, 9, 100, 0, 1, 17, 12, 4, 1, 0, 2058, 20
2008-09-21, Saints, 88, 25, 414, 48, 39, 4, 51, 1, 0, 27, 14, 8, 1, 0, 1968, 32, Broncos, 105, 24, 264, 34, 21, 3, 20, 1, 1, 20, 10, 6, 0, 0, 1632, 34
2008-09-21, Jaguars, 236, 48, 167, 22, 16, 5, 44, 0, 1, 25, 14, 8, 1, 0, 2495, 23, Colts, 114, 19, 211, 29, 15, 6, 37, 0, 2, 19, 9, 5, 1, 1, 1105, 21
2008-09-21, Steelers, 32, 19, 147, 32, 17, 7, 35, 2, 1, 14, 13, 2, 1, 0, 1646, 6, Eagles, 65, 23, 195, 38, 26, 7, 62, 1, 2, 16, 14, 6, 0, 0, 1954, 15
2008-09-21, Browns, 70, 16, 99, 37, 14, 9, 65, 0, 3, 11, 13, 3, 0, 0, 1332, 10, Ravens, 151, 44, 122, 19, 13, 5, 40, 0, 2, 21, 11, 3, 3, 2, 2268, 28
2008-09-21, Cardinals, 116, 23, 197, 31, 17, 6, 42, 1, 1, 19, 11, 5, 0, 0, 1615, 17, Redskins, 136, 31, 187, 31, 23, 7, 67, 0, 0, 21, 11, 5, 0, 0, 1985, 24
2008-09-21, Lions, 116, 20, 124, 31, 15, 9, 61, 0, 2, 14, 13, 5, 1, 1, 1446, 13, 49ers, 182, 39, 188, 23, 16, 3, 30, 0, 0, 25, 13, 5, 1, 1, 2154, 31
2008-09-22, Jets, 41, 13, 267, 47, 33, 2, 5, 1, 3, 21, 8, 1, 3, 2, 1660, 29, Chargers, 107, 35, 250, 25, 19, 6, 37, 0, 1, 20, 13, 9, 0, 0, 1940, 48
2008-09-28, Bills, 111, 31, 166, 25, 15, 5, 35, 0, 1, 14, 13, 3, 0, 0, 1888, 31, Rams, 167, 29, 213, 33, 17, 5, 50, 1, 1, 16, 13, 3, 4, 1, 1712, 14
2008-09-28, Chargers, 141, 30, 154, 25, 14, 3, 15, 0, 2, 18, 14, 5, 0, 0, 1782, 28, Raiders, 72, 23, 251, 37, 22, 8, 64, 1, 1, 15, 15, 3, 1, 0, 1818, 18
2008-09-28, Browns, 134, 40, 127, 24, 15, 9, 52, 1, 1, 19, 13, 5, 1, 0, 2042, 20, Bengals, 69, 16, 142, 35, 21, 6, 55, 2, 3, 14, 13, 4, 0, 0, 1558, 12
2008-09-28, Texans, 79, 23, 307, 40, 29, 2, 15, 0, 0, 23, 13, 9, 0, 0, 1940, 27, Jaguars, 139, 25, 236, 32, 23, 2, 27, 0, 0, 21, 12, 6, 2, 2, 1875, 30
2008-09-28, Redskins, 161, 37, 220, 31, 20, 5, 30, 0, 0, 22, 15, 6, 0, 0, 2289, 26, Cowboys, 44, 11, 300, 47, 28, 3, 15, 0, 1, 21, 12, 6, 0, 0, 1311, 24
2008-09-28, 49ers, 91, 19, 221, 36, 18, 9, 63, 1, 2, 20, 10, 3, 1, 1, 1625, 17, Saints, 104, 32, 363, 35, 23, 13, 123, 1, 1, 24, 11, 6, 1, 0, 1975, 31
2008-09-28, Packers, 28, 18, 153, 32, 16, 7, 74, 1, 3, 8, 13, 4, 3, 1, 1390, 21, Buccaneers, 178, 41, 149, 30, 15, 8, 70, 0, 3, 20, 14, 5, 1, 1, 2210, 30
2008-09-28, Eagles, 103, 23, 237, 41, 25, 3, 25, 1, 1, 18, 13, 2, 1, 0, 1914, 20, Bears, 78, 26, 178, 34, 18, 1, 5, 2, 2, 13, 17, 7, 0, 0, 1686, 24
2008-09-28, Broncos, 94, 22, 352, 49, 29, 3, 22, 2, 2, 22, 14, 6, 0, 0, 1597, 19, Chiefs, 213, 33, 157, 28, 21, 5, 45, 1, 0, 17, 13, 5, 0, 0, 2003, 33
2008-09-28, Cardinals, 42, 15, 426, 57, 40, 11, 71, 4, 3, 33, 11, 5, 2, 2, 1860, 35, Jets, 89, 26, 284, 34, 24, 4, 61, 0, 1, 23, 13, 5, 3, 3, 1740, 56
2008-09-28, Falcons, 118, 23, 150, 41, 21, 5, 45, 0, 0, 17, 13, 2, 2, 0, 1665, 9, Panthers, 107, 33, 294, 29, 20, 11, 90, 0, 0, 19, 12, 3, 0, 0, 1935, 24
2008-09-28, Vikings, 80, 20, 253, 44, 26, 7, 50, 3, 1, 18, 15, 7, 0, 0, 1737, 17, Titans, 76, 34, 199, 35, 18, 4, 18, 1, 0, 16, 17, 6, 1, 1, 1863, 30
2008-09-29, Ravens, 103, 33, 140, 31, 16, 8, 72, 1, 0, 16, 17, 7, 0, 0, 2062, 20, Steelers, 69, 28, 168, 24, 14, 5, 29, 0, 1, 11, 15, 5, 0, 0, 1903, 23
2008-10-05, Steelers, 129, 26, 286, 41, 26, 10, 129, 0, 1, 28, 15, 7, 0, 0, 2003, 26, Jaguars, 38, 19, 175, 32, 18, 8, 89, 0, 0, 14, 13, 3, 4, 2, 1597, 21
2008-10-05, Bears, 97, 34, 328, 34, 24, 6, 45, 1, 0, 21, 15, 7, 1, 0, 2295, 34, Lions, 54, 13, 131, 39, 21, 6, 41, 1, 1, 12, 14, 3, 2, 0, 1305, 7
2008-10-05, Chargers, 60, 19, 142, 28, 13, 4, 46, 0, 0, 10, 12, 3, 1, 0, 1399, 10, Dolphins, 167, 40, 223, 29, 22, 1, 5, 1, 0, 23, 14, 7, 1, 1, 2201, 17
2008-10-05, Colts, 79, 22, 235, 34, 25, 6, 31, 0, 1, 18, 12, 3, 3, 3, 1719, 31, Texans, 156, 32, 235, 33, 21, 1, 5, 2, 1, 23, 13, 6, 0, 0, 1881, 27
2008-10-05, Redskins, 203, 44, 185, 30, 17, 3, 24, 0, 0, 22, 19, 11, 1, 1, 2085, 23, Eagles, 58, 18, 196, 29, 17, 4, 33, 0, 0, 14, 12, 5, 0, 0, 1515, 17
2008-10-05, Titans, 47, 22, 163, 32, 17, 10, 78, 0, 2, 14, 13, 6, 0, 0, 1532, 13, Ravens, 132, 38, 153, 27, 18, 11, 91, 0, 2, 22, 14, 7, 0, 0, 2068, 10
2008-10-05, Falcons, 176, 36, 194, 26, 16, 2, 15, 0, 1, 22, 12, 6, 1, 1, 1723, 27, Packers, 104, 23, 304, 37, 25, 9, 97, 0, 1, 21, 13, 7, 0, 0, 1877, 24
2008-10-05, Buccaneers, 139, 22, 168, 36, 26, 5, 30, 0, 1, 17, 15, 6, 0, 0, 1847, 13, Broncos, 106, 26, 227, 34, 23, 6, 55, 1, 0, 17, 15, 6, 0, 0, 1753, 16
2008-10-05, Bills, 84, 17, 203, 24, 18, 6, 36, 3, 1, 13, 9, 5, 1, 0, 1424, 17, Cardinals, 123, 34, 250, 42, 33, 4, 20, 0, 0, 28, 15, 9, 2, 1, 2176, 41
2008-10-05, Chiefs, 35, 17, 92, 31, 15, 4, 35, 1, 2, 8, 13, 4, 2, 0, 1266, 0, Panthers, 205, 48, 236, 22, 14, 8, 56, 1, 1, 20, 18, 10, 2, 1, 2334, 34
2008-10-05, Bengals, 61, 23, 208, 39, 23, 7, 44, 1, 1, 18, 14, 6, 1, 0, 1695, 22, Cowboys, 198, 38, 175, 23, 14, 6, 52, 1, 1, 18, 15, 9, 1, 1, 1905, 31
2008-10-05, Patriots, 144, 43, 233, 32, 22, 4, 56, 0, 2, 25, 17, 8, 1, 1, 2392, 30, 49ers, 77, 18, 122, 29, 14, 6, 37, 0, 3, 12, 9, 1, 2, 0, 1208, 21
2008-10-05, Seahawks, 74, 22, 113, 27, 14, 2, 29, 0, 1, 13, 11, 1, 0, 0, 1412, 6, Giants, 254, 36, 269, 26, 20, 5, 56, 0, 0, 27, 8, 3, 0, 0, 2188, 44
2008-10-06, Vikings, 44, 26, 226, 37, 20, 7, 60, 0, 0, 16, 15, 5, 0, 0, 1671, 30, Saints, 55, 22, 320, 46, 26, 11, 102, 2, 2, 17, 15, 7, 1, 1, 1929, 27
2008-10-12, Eagles, 103, 21, 280, 36, 23, 2, 10, 0, 1, 21, 12, 6, 0, 0, 1601, 40, 49ers, 131, 27, 175, 30, 17, 10, 58, 1, 2, 14, 12, 2, 1, 1, 1999, 26
2008-10-12, Jaguars, 155, 34, 261, 34, 25, 6, 45, 2, 0, 26, 12, 5, 0, 0, 2015, 24, Broncos, 131, 23, 192, 37, 21, 4, 52, 2, 1, 19, 13, 6, 1, 0, 1585, 17
2008-10-12, Patriots, 106, 26, 193, 38, 22, 6, 73, 0, 1, 18, 14, 5, 1, 0, 1894, 10, Chargers, 98, 28, 306, 27, 18, 3, 20, 1, 0, 19, 10, 3, 0, 0, 1706, 30
2008-10-12, Rams, 76, 26, 124, 26, 15, 10, 79, 1, 0, 8, 14, 4, 1, 1, 1740, 19, Redskins, 181, 31, 187, 26, 18, 7, 53, 3, 0, 22, 12, 4, 1, 1, 1860, 17
2008-10-12, Packers, 113, 39, 200, 30, 21, 5, 45, 1, 0, 20, 18, 10, 0, 0, 2246, 27, Seahawks, 113, 23, 64, 23, 12, 6, 50, 0, 2, 13, 11, 4, 1, 1, 1354, 17
2008-10-12, Bears, 79, 23, 282, 43, 26, 6, 57, 1, 0, 22, 16, 9, 2, 1, 1750, 20, Falcons, 75, 30, 301, 30, 22, 6, 46, 1, 0, 18, 14, 6, 0, 0, 1850, 22
2008-10-12, Raiders, 85, 22, 141, 35, 13, 5, 26, 1, 1, 12, 16, 6, 1, 0, 1428, 3, Saints, 122, 33, 319, 30, 26, 3, 30, 0, 0, 23, 14, 9, 0, 0, 2172, 34
2008-10-12, Cowboys, 73, 22, 301, 38, 24, 12, 93, 1, 0, 15, 15, 6, 0, 0, 1995, 24, Cardinals, 50, 19, 226, 30, 22, 12, 70, 2, 1, 14, 12, 5, 0, 0, 1665, 30
2008-10-12, Panthers, 40, 20, 242, 39, 20, 4, 16, 0, 3, 14, 12, 3, 2, 0, 1518, 3, Buccaneers, 142, 37, 173, 20, 15, 7, 80, 0, 0, 17, 13, 6, 0, 0, 2082, 27
2008-10-12, Ravens, 51, 19, 209, 38, 28, 4, 33, 2, 3, 16, 11, 3, 1, 1, 1676, 3, Colts, 76, 30, 258, 28, 19, 11, 84, 0, 0, 17, 14, 7, 0, 0, 1924, 31
2008-10-12, Bengals, 43, 21, 128, 33, 20, 4, 23, 1, 0, 13, 15, 5, 2, 2, 1482, 14, Jets, 86, 27, 166, 33, 25, 4, 25, 1, 2, 19, 14, 7, 1, 1, 2118, 26
2008-10-12, Dolphins, 96, 24, 274, 25, 19, 4, 30, 0, 1, 14, 10, 2, 0, 0, 1663, 28, Texans, 114, 27, 371, 42, 22, 1, 5, 2, 2, 23, 15, 6, 2, 2, 1937, 29
2008-10-12, Lions, 100, 24, 112, 21, 12, 5, 96, 1, 0, 8, 13, 2, 0, 0, 1648, 10, Vikings, 135, 31, 257, 33, 18, 7, 99, 2, 1, 18, 15, 3, 0, 0, 1952, 12
2008-10-13, Giants, 181, 25, 192, 28, 18, 5, 38, 0, 3, 23, 9, 5, 1, 0, 1655, 14, Browns, 144, 30, 310, 29, 18, 10, 55, 0, 0, 20, 13, 9, 0, 0, 1945, 35
2008-10-19, 49ers, 35, 16, 218, 28, 16, 13, 134, 1, 2, 13, 10, 2, 1, 0, 1530, 17, Giants, 112, 32, 161, 31, 16, 11, 80, 0, 0, 17, 14, 4, 1, 1, 2070, 29
2008-10-19, Steelers, 125, 27, 250, 31, 20, 3, 15, 0, 0, 20, 12, 6, 0, 0, 1835, 38, Bengals, 84, 22, 128, 39, 24, 4, 55, 1, 0, 16, 16, 4, 2, 2, 1765, 10
2008-10-19, Vikings, 155, 32, 284, 40, 25, 8, 50, 1, 4, 28, 12, 4, 4, 3, 2107, 41, Bears, 53, 22, 274, 32, 21, 5, 45, 1, 0, 20, 9, 2, 0, 0, 1493, 48
2008-10-19, Lions, 77, 19, 249, 25, 12, 4, 31, 0, 0, 15, 11, 5, 0, 0, 1196, 21, Texans, 150, 34, 254, 31, 26, 5, 41, 1, 0, 29, 11, 6, 1, 1, 2404, 28
2008-10-19, Chargers, 72, 17, 191, 29, 22, 5, 35, 2, 1, 15, 11, 7, 0, 0, 1471, 14, Bills, 109, 32, 261, 30, 25, 5, 35, 0, 0, 22, 13, 6, 0, 0, 2129, 23
2008-10-19, Titans, 332, 40, 123, 18, 11, 8, 55, 0, 0, 20, 11, 5, 0, 0, 1850, 34, Chiefs, 58, 17, 214, 37, 23, 8, 60, 0, 0, 13, 14, 4, 0, 0, 1750, 10
2008-10-19, Saints, 115, 22, 228, 39, 21, 3, 30, 1, 1, 17, 12, 5, 2, 0, 1619, 7, Panthers, 143, 37, 193, 22, 14, 3, 29, 0, 0, 18, 15, 7, 0, 0, 1981, 30
2008-10-19, Ravens, 139, 36, 217, 23, 17, 7, 67, 1, 0, 22, 13, 6, 1, 1, 1903, 27, Dolphins, 71, 22, 288, 35, 24, 6, 28, 0, 1, 21, 13, 5, 1, 0, 1697, 13
2008-10-19, Jets, 242, 33, 176, 38, 21, 7, 60, 1, 2, 23, 16, 5, 0, 0, 2211, 13, Raiders, 153, 38, 191, 30, 17, 14, 85, 0, 0, 19, 17, 4, 1, 1, 2139, 16
2008-10-19, Cowboys, 124, 22, 217, 34, 17, 8, 56, 1, 3, 17, 13, 5, 0, 0, 1643, 14, Rams, 190, 36, 135, 18, 13, 5, 32, 0, 0, 18, 14, 6, 0, 0, 1957, 34
2008-10-19, Seahawks, 103, 16, 73, 23, 12, 1, 6, 1, 1, 7, 10, 2, 1, 1, 1099, 10, Buccaneers, 97, 38, 305, 36, 27, 4, 26, 1, 0, 22, 18, 10, 1, 0, 2501, 20
2008-10-19, Browns, 102, 28, 134, 37, 14, 4, 25, 0, 0, 16, 16, 4, 2, 1, 1868, 11, Redskins, 193, 36, 158, 23, 14, 5, 38, 1, 0, 17, 11, 3, 0, 0, 1732, 14
2008-10-19, Colts, 73, 23, 229, 42, 21, 12, 110, 0, 2, 21, 15, 5, 3, 3, 1574, 14, Packers, 116, 35, 186, 28, 21, 9, 70, 0, 0, 24, 12, 5, 1, 1, 2026, 34
2008-10-20, Broncos, 106, 26, 169, 29, 19, 8, 87, 3, 2, 19, 13, 6, 0, 0, 1563, 7, Patriots, 257, 38, 147, 24, 18, 5, 65, 0, 0, 25, 13, 5, 2, 2, 2037, 41
2008-10-26, Cardinals, 50, 14, 375, 51, 36, 7, 60, 1, 1, 25, 11, 6, 1, 0, 1957, 23, Panthers, 113, 29, 238, 28, 20, 3, 25, 1, 0, 22, 12, 7, 0, 0, 1643, 27
2008-10-26, Buccaneers, 49, 20, 213, 43, 27, 7, 58, 1, 0, 15, 17, 6, 3, 2, 1897, 9, Cowboys, 70, 26, 102, 33, 19, 5, 35, 0, 0, 17, 15, 3, 2, 2, 1703, 13
2008-10-26, Redskins, 135, 33, 304, 28, 23, 8, 67, 1, 0, 22, 11, 5, 0, 0, 2145, 25, Lions, 57, 15, 217, 35, 21, 7, 51, 0, 0, 13, 12, 2, 3, 2, 1455, 17
2008-10-26, Browns, 91, 24, 236, 27, 14, 1, 15, 0, 0, 15, 12, 3, 1, 1, 1495, 23, Jaguars, 113, 29, 267, 42, 25, 6, 40, 1, 0, 23, 20, 11, 3, 2, 2105, 17
2008-10-26, Chiefs, 80, 20, 250, 36, 25, 4, 39, 0, 0, 17, 13, 4, 1, 0, 1604, 24, Jets, 135, 24, 285, 41, 28, 4, 20, 0, 3, 22, 11, 6, 0, 0, 1996, 28
2008-10-26, Chargers, 110, 22, 341, 40, 25, 14, 134, 1, 1, 22, 12, 5, 1, 1, 1750, 32, Saints, 70, 26, 339, 41, 30, 6, 60, 0, 0, 28, 11, 4, 3, 2, 1850, 37
2008-10-26, Raiders, 47, 19, 187, 33, 15, 2, 10, 0, 1, 10, 13, 2, 4, 1, 1420, 10, Ravens, 192, 46, 183, 25, 13, 8, 52, 1, 0, 18, 18, 10, 0, 0, 2180, 29
2008-10-26, Seahawks, 39, 28, 222, 25, 15, 3, 15, 0, 0, 14, 14, 6, 1, 1, 1558, 34, 49ers, 124, 24, 264, 44, 28, 7, 65, 1, 1, 21, 15, 7, 2, 0, 2042, 13
2008-10-26, Falcons, 77, 24, 258, 44, 23, 6, 51, 1, 2, 19, 16, 6, 2, 1, 1659, 14, Eagles, 192, 32, 240, 34, 19, 7, 70, 1, 0, 24, 12, 3, 0, 0, 1941, 27
2008-10-26, Bengals, 105, 22, 148, 32, 20, 7, 51, 1, 2, 16, 14, 8, 0, 0, 1489, 6, Texans, 109, 31, 275, 28, 24, 7, 55, 0, 0, 23, 13, 10, 0, 0, 2111, 35
2008-10-26, Giants, 83, 35, 199, 32, 19, 7, 71, 0, 0, 14, 17, 6, 2, 1, 2064, 21, Steelers, 95, 22, 154, 29, 13, 8, 59, 0, 4, 12, 10, 1, 4, 0, 1536, 14
2008-10-26, Bills, 119, 27, 220, 35, 21, 7, 64, 3, 1, 19, 14, 4, 0, 0, 1728, 16, Dolphins, 52, 27, 306, 30, 22, 7, 51, 1, 0, 19, 11, 3, 0, 0, 1872, 25
2008-10-26, Rams, 90, 26, 271, 34, 18, 9, 63, 0, 1, 15, 16, 5, 1, 1, 1765, 16, Patriots, 98, 29, 250, 33, 21, 0, 0, 0, 2, 23, 12, 6, 1, 0, 1835, 23
2008-10-27, Colts, 94, 22, 223, 41, 26, 5, 35, 0, 2, 19, 13, 6, 2, 0, 1546, 21, Titans, 88, 31, 193, 37, 24, 4, 40, 0, 0, 23, 13, 7, 0, 0, 2054, 31
2008-11-02, Packers, 102, 24, 288, 41, 22, 4, 41, 1, 1, 18, 15, 6, 2, 0, 2043, 16, Titans, 178, 36, 169, 37, 18, 2, 15, 0, 0, 20, 17, 7, 0, 0, 1881, 19
2008-11-02, Ravens, 193, 41, 236, 29, 17, 7, 42, 0, 0, 21, 16, 7, 0, 0, 2025, 37, Browns, 64, 23, 210, 33, 17, 8, 37, 1, 1, 14, 12, 2, 1, 0, 1575, 27
2008-11-02, Falcons, 252, 57, 201, 22, 17, 4, 40, 1, 0, 30, 17, 9, 2, 1, 2715, 24, Raiders, 67, 11, 10, 19, 6, 7, 55, 1, 1, 3, 9, 1, 1, 0, 885, 0
2008-11-02, Eagles, 72, 28, 347, 43, 28, 1, 15, 0, 1, 20, 16, 6, 1, 1, 2235, 26, Seahawks, 86, 22, 147, 29, 13, 4, 20, 0, 0, 10, 15, 4, 0, 0, 1365, 7
2008-11-02, Cardinals, 176, 34, 334, 33, 22, 10, 69, 0, 0, 24, 13, 4, 1, 0, 2318, 34, Rams, 61, 20, 170, 33, 16, 4, 41, 1, 2, 13, 13, 5, 1, 0, 1282, 13
2008-11-02, Patriots, 140, 32, 202, 35, 26, 2, 20, 1, 1, 22, 14, 8, 1, 0, 2064, 15, Colts, 47, 21, 254, 29, 21, 1, 0, 0, 0, 18, 10, 6, 0, 0, 1536, 18
2008-11-02, Jets, 96, 25, 201, 28, 19, 5, 34, 0, 1, 16, 11, 5, 0, 0, 1796, 26, Bills, 30, 17, 262, 35, 24, 7, 45, 1, 2, 18, 13, 8, 1, 0, 1804, 17
2008-11-02, Cowboys, 81, 24, 102, 27, 14, 9, 55, 1, 3, 11, 13, 6, 1, 1, 1547, 14, Giants, 200, 34, 119, 27, 16, 8, 65, 2, 1, 23, 13, 8, 0, 0, 2053, 35
2008-11-02, Buccaneers, 81, 25, 342, 44, 32, 7, 47, 3, 1, 24, 13, 8, 0, 0, 1937, 30, Chiefs, 183, 36, 201, 26, 15, 7, 60, 1, 0, 21, 13, 6, 0, 0, 1939, 27
2008-11-02, Dolphins, 75, 29, 266, 40, 23, 2, 42, 0, 1, 21, 14, 4, 1, 1, 2192, 26, Broncos, 14, 12, 305, 46, 24, 10, 81, 0, 3, 14, 16, 6, 1, 0, 1408, 17
2008-11-02, Texans, 62, 16, 327, 45, 32, 5, 35, 1, 2, 20, 14, 7, 2, 1, 1942, 21, Vikings, 177, 35, 168, 18, 11, 3, 20, 0, 1, 15, 13, 6, 1, 1, 1658, 28
2008-11-02, Lions, 53, 26, 280, 47, 28, 4, 36, 1, 2, 21, 17, 7, 0, 0, 1929, 23, Bears, 154, 31, 166, 32, 16, 3, 25, 1, 1, 18, 15, 5, 0, 0, 1671, 27
2008-11-02, Jaguars, 68, 21, 214, 38, 23, 12, 86, 0, 1, 18, 13, 5, 0, 0, 1781, 19, Bengals, 159, 29, 153, 31, 21, 5, 39, 1, 1, 20, 13, 6, 0, 0, 1819, 21
2008-11-03, Steelers, 64, 29, 160, 27, 12, 4, 41, 0, 1, 15, 17, 7, 0, 0, 1843, 23, Redskins, 60, 15, 161, 43, 24, 5, 78, 0, 2, 13, 15, 3, 2, 0, 1757, 6
2008-11-06, Broncos, 123, 28, 441, 42, 24, 3, 30, 0, 1, 26, 11, 6, 1, 1, 1671, 34, Browns, 160, 29, 239, 35, 23, 3, 20, 1, 0, 20, 14, 6, 2, 1, 1929, 30
2008-11-09, Colts, 62, 19, 228, 40, 21, 6, 45, 0, 0, 17, 16, 9, 0, 0, 1555, 24, Steelers, 59, 27, 267, 41, 29, 3, 20, 0, 3, 18, 18, 10, 1, 0, 2045, 20
2008-11-09, Bills, 60, 18, 108, 23, 13, 3, 22, 0, 2, 10, 11, 5, 0, 0, 1340, 10, Patriots, 144, 44, 226, 32, 22, 2, 15, 1, 0, 24, 18, 11, 0, 0, 2260, 20
2008-11-09, Jaguars, 157, 33, 227, 27, 18, 5, 33, 0, 0, 24, 10, 5, 1, 1, 1859, 38, Lions, 103, 27, 153, 18, 11, 6, 46, 0, 1, 13, 13, 4, 2, 1, 1741, 14
2008-11-09, Seahawks, 126, 23, 172, 38, 21, 5, 25, 0, 0, 21, 15, 7, 1, 0, 1687, 19, Dolphins, 155, 27, 206, 36, 22, 4, 29, 0, 1, 20, 15, 7, 2, 2, 1913, 21
2008-11-09, Panthers, 162, 28, 57, 27, 7, 4, 40, 0, 4, 10, 13, 3, 0, 0, 1378, 17, Raiders, 147, 36, 112, 34, 15, 10, 83, 1, 2, 17, 17, 2, 1, 1, 2222, 6
2008-11-09, Ravens, 157, 40, 171, 24, 16, 7, 55, 0, 0, 27, 11, 5, 0, 0, 2177, 41, Texans, 75, 16, 280, 38, 23, 10, 76, 0, 4, 19, 8, 3, 1, 0, 1423, 13
2008-11-09, Packers, 74, 18, 110, 26, 15, 10, 80, 0, 0, 12, 11, 1, 0, 0, 1435, 27, Vikings, 220, 41, 141, 28, 15, 7, 55, 0, 3, 18, 15, 6, 1, 0, 2165, 28
2008-11-09, Chiefs, 76, 18, 263, 41, 27, 3, 16, 0, 0, 19, 14, 7, 1, 1, 1510, 19, Chargers, 92, 26, 308, 36, 27, 5, 37, 0, 2, 23, 11, 6, 0, 0, 2090, 20
2008-11-09, Titans, 20, 29, 284, 41, 30, 8, 55, 1, 0, 19, 17, 7, 1, 0, 1996, 21, Bears, 78, 24, 165, 37, 20, 3, 20, 0, 1, 15, 14, 3, 2, 1, 1604, 14
2008-11-09, Giants, 219, 45, 182, 31, 17, 4, 30, 1, 1, 26, 15, 7, 1, 1, 2350, 36, Eagles, 106, 21, 194, 36, 17, 5, 45, 1, 1, 17, 11, 3, 2, 1, 1250, 31
2008-11-09, Rams, 80, 21, 120, 23, 11, 4, 25, 3, 2, 11, 10, 4, 0, 0, 1377, 3, Jets, 206, 43, 167, 19, 14, 5, 24, 0, 0, 24, 13, 7, 1, 1, 2223, 47
2008-11-09, Saints, 105, 17, 416, 58, 31, 7, 45, 0, 3, 25, 15, 7, 3, 2, 1728, 20, Falcons, 113, 36, 248, 23, 16, 2, 25, 0, 0, 18, 11, 5, 0, 0, 1872, 34
2008-11-10, 49ers, 119, 28, 217, 40, 19, 10, 93, 1, 2, 19, 18, 9, 0, 0, 1703, 24, Cardinals, 46, 19, 328, 42, 32, 10, 71, 0, 0, 21, 13, 4, 1, 1, 1897, 29
2008-11-13, Jets, 140, 39, 235, 33, 26, 4, 25, 1, 0, 23, 16, 9, 0, 0, 2358, 34, Patriots, 125, 25, 386, 51, 30, 5, 29, 1, 0, 26, 14, 4, 3, 2, 1712, 31
2008-11-16, Lions, 130, 34, 186, 35, 20, 1, 14, 2, 2, 20, 16, 6, 3, 2, 2057, 22, Panthers, 264, 32, 102, 19, 10, 7, 55, 1, 0, 16, 8, 2, 0, 0, 1543, 31
2008-11-16, Chargers, 66, 22, 152, 26, 15, 2, 5, 0, 2, 16, 10, 5, 0, 0, 1409, 10, Steelers, 124, 28, 286, 41, 31, 13, 115, 0, 0, 24, 14, 7, 1, 0, 2191, 11
2008-11-16, Texans, 177, 25, 179, 18, 13, 3, 23, 0, 1, 16, 8, 4, 0, 0, 1545, 27, Colts, 154, 34, 320, 46, 30, 6, 45, 0, 0, 30, 15, 10, 0, 0, 2055, 33
2008-11-16, Bears, 83, 20, 151, 33, 17, 8, 65, 1, 0, 9, 12, 3, 2, 0, 1352, 3, Packers, 200, 38, 227, 30, 23, 6, 55, 0, 1, 24, 14, 7, 1, 1, 2248, 37
2008-11-16, Cowboys, 117, 28, 198, 27, 19, 5, 40, 0, 2, 17, 11, 5, 1, 1, 1874, 14, Redskins, 92, 18, 136, 35, 22, 2, 10, 0, 1, 14, 14, 5, 2, 1, 1726, 10
2008-11-16, Titans, 114, 33, 230, 23, 13, 10, 63, 0, 1, 13, 12, 1, 0, 0, 1653, 24, Jaguars, 140, 32, 117, 30, 13, 9, 61, 0, 1, 17, 15, 3, 1, 0, 1947, 14
2008-11-16, Broncos, 124, 25, 208, 27, 19, 6, 36, 0, 0, 19, 12, 7, 0, 0, 1578, 24, Falcons, 114, 35, 250, 33, 20, 5, 36, 0, 1, 20, 18, 11, 1, 0, 2022, 20
2008-11-16, Ravens, 121, 26, 154, 33, 20, 10, 66, 0, 2, 18, 12, 5, 2, 1, 1748, 10, Giants, 207, 33, 146, 23, 13, 8, 65, 0, 1, 22, 10, 6, 0, 0, 1852, 30
2008-11-16, Vikings, 99, 26, 111, 21, 14, 5, 28, 2, 0, 14, 12, 5, 2, 0, 1571, 13, Buccaneers, 108, 33, 255, 30, 23, 5, 54, 1, 0, 21, 12, 5, 1, 0, 2029, 19
2008-11-16, Cardinals, 76, 24, 382, 44, 32, 8, 52, 2, 1, 24, 12, 6, 0, 0, 2045, 26, Seahawks, 43, 22, 153, 29, 17, 1, 15, 1, 3, 18, 9, 1, 2, 2, 1555, 20
2008-11-16, Raiders, 70, 21, 116, 22, 15, 7, 35, 0, 0, 11, 11, 2, 0, 0, 1646, 15, Dolphins, 222, 35, 160, 22, 16, 3, 55, 1, 0, 20, 12, 5, 1, 1, 1954, 17
2008-11-16, Saints, 103, 28, 266, 36, 25, 2, 8, 0, 1, 22, 12, 6, 0, 0, 1776, 30, Chiefs, 124, 24, 206, 38, 19, 6, 40, 0, 1, 21, 14, 5, 3, 2, 1824, 20
2008-11-16, Eagles, 68, 18, 323, 58, 28, 8, 60, 1, 3, 16, 18, 3, 1, 1, 1996, 13, Bengals, 56, 30, 226, 44, 29, 4, 35, 1, 0, 19, 20, 4, 1, 0, 2504, 13
2008-11-16, Rams, 126, 23, 280, 53, 34, 6, 52, 1, 2, 22, 15, 5, 1, 0, 1904, 16, 49ers, 135, 36, 199, 21, 15, 7, 33, 2, 0, 19, 11, 5, 0, 0, 1696, 35
2008-11-17, Browns, 161, 27, 176, 36, 14, 2, 15, 0, 0, 18, 13, 3, 0, 0, 1608, 29, Bills, 186, 38, 148, 26, 16, 3, 30, 1, 3, 19, 11, 4, 0, 0, 1992, 27
2008-11-20, Bengals, 43, 20, 165, 37, 20, 2, 15, 0, 1, 11, 15, 4, 1, 0, 1480, 10, Steelers, 121, 37, 243, 30, 17, 4, 40, 1, 0, 20, 14, 6, 1, 1, 2120, 27
2008-11-23, Raiders, 158, 41, 160, 12, 11, 10, 90, 0, 0, 18, 13, 8, 0, 0, 1924, 31, Broncos, 115, 28, 204, 37, 16, 4, 39, 1, 1, 23, 16, 9, 2, 1, 1676, 10
2008-11-23, Jets, 192, 39, 217, 32, 25, 3, 27, 1, 1, 28, 13, 7, 0, 0, 2430, 34, Titans, 45, 11, 236, 39, 21, 8, 60, 1, 0, 16, 11, 4, 0, 0, 1170, 13
2008-11-23, Bears, 208, 33, 126, 28, 17, 3, 14, 2, 0, 18, 12, 4, 0, 0, 1815, 27, Rams, 14, 19, 193, 36, 19, 11, 85, 0, 4, 13, 13, 3, 2, 1, 1785, 3
2008-11-23, Bills, 171, 38, 273, 32, 24, 6, 45, 0, 0, 27, 14, 4, 4, 2, 2137, 54, Chiefs, 159, 13, 303, 39, 24, 9, 75, 3, 2, 21, 8, 1, 1, 0, 1463, 31
2008-11-23, Redskins, 187, 41, 199, 33, 20, 2, 20, 1, 0, 24, 15, 7, 1, 1, 2307, 20, Seahawks, 139, 20, 89, 24, 12, 6, 51, 0, 2, 13, 10, 3, 0, 0, 1293, 17
2008-11-23, Patriots, 122, 25, 408, 43, 30, 6, 38, 1, 1, 30, 8, 3, 2, 2, 1990, 48, Dolphins, 66, 18, 330, 41, 24, 8, 60, 0, 1, 23, 12, 6, 1, 0, 1610, 28
2008-11-23, Vikings, 122, 34, 104, 20, 12, 5, 49, 0, 1, 15, 13, 4, 2, 1, 1829, 30, Jaguars, 35, 14, 286, 45, 27, 8, 81, 3, 2, 17, 14, 6, 1, 0, 1771, 12
2008-11-23, Eagles, 86, 21, 120, 41, 18, 7, 64, 1, 4, 13, 13, 3, 2, 0, 1599, 7, Ravens, 110, 40, 138, 26, 12, 5, 30, 0, 0, 14, 17, 5, 0, 0, 2001, 36
2008-11-23, Texans, 112, 36, 271, 32, 24, 11, 84, 0, 2, 19, 16, 4, 3, 3, 2245, 16, Browns, 95, 20, 145, 32, 13, 5, 40, 2, 3, 15, 9, 2, 1, 1, 1355, 6
2008-11-23, Giants, 87, 27, 234, 33, 26, 9, 76, 0, 0, 18, 15, 7, 1, 1, 1837, 37, Cardinals, 23, 15, 348, 52, 32, 3, 29, 1, 1, 27, 14, 8, 0, 0, 1763, 29
2008-11-23, Panthers, 134, 26, 274, 35, 21, 8, 48, 0, 0, 22, 14, 5, 1, 1, 1871, 28, Falcons, 133, 33, 259, 27, 17, 3, 25, 1, 0, 21, 13, 6, 2, 2, 1729, 45
2008-11-23, Buccaneers, 116, 33, 136, 18, 13, 3, 25, 3, 0, 15, 13, 5, 2, 2, 1931, 38, Lions, 108, 22, 99, 26, 10, 10, 70, 1, 2, 9, 14, 4, 0, 0, 1669, 20
2008-11-23, 49ers, 26, 15, 278, 33, 21, 2, 10, 1, 1, 16, 10, 2, 0, 0, 1517, 22, Cowboys, 74, 29, 334, 39, 23, 8, 65, 1, 0, 16, 18, 9, 0, 0, 2083, 35
2008-11-23, Colts, 91, 23, 250, 44, 32, 3, 15, 0, 1, 19, 17, 10, 2, 2, 1900, 23, Chargers, 120, 25, 274, 31, 24, 5, 37, 1, 0, 21, 12, 6, 0, 0, 1700, 20
2008-11-24, Packers, 109, 31, 234, 41, 23, 3, 20, 0, 3, 22, 17, 10, 2, 1, 1924, 29, Saints, 98, 26, 318, 27, 20, 2, 10, 0, 1, 21, 8, 3, 2, 2, 1676, 51
2008-11-27, Cardinals, 25, 10, 235, 39, 21, 1, 2, 1, 3, 12, 10, 3, 2, 0, 1227, 20, Eagles, 185, 40, 252, 39, 27, 8, 61, 1, 0, 32, 15, 10, 0, 0, 2373, 48
2008-11-27, Seahawks, 80, 23, 242, 38, 22, 5, 46, 1, 1, 19, 14, 3, 1, 1, 1770, 9, Cowboys, 116, 24, 331, 34, 22, 5, 38, 0, 1, 24, 9, 2, 0, 0, 1830, 34
2008-11-27, Titans, 292, 46, 164, 19, 12, 9, 65, 1, 0, 19, 16, 8, 0, 0, 2214, 47, Lions, 23, 14, 131, 28, 14, 5, 38, 2, 1, 6, 11, 0, 0, 0, 1386, 10
2008-11-30, Steelers, 161, 34, 172, 33, 17, 8, 88, 0, 1, 19, 16, 8, 0, 0, 2105, 33, Patriots, 122, 20, 145, 39, 19, 6, 45, 3, 2, 19, 13, 1, 2, 2, 1495, 10
2008-11-30, 49ers, 62, 29, 133, 23, 14, 4, 35, 1, 0, 12, 15, 7, 0, 0, 1770, 10, Bills, 156, 25, 194, 38, 21, 6, 43, 1, 0, 18, 15, 7, 2, 0, 1830, 3
2008-11-30, Broncos, 127, 25, 357, 43, 27, 6, 64, 0, 1, 23, 11, 3, 0, 0, 1915, 34, Jets, 142, 19, 241, 43, 23, 4, 25, 1, 1, 22, 11, 3, 3, 0, 1685, 17
2008-11-30, Ravens, 147, 43, 304, 30, 20, 3, 30, 0, 0, 20, 17, 8, 0, 0, 2338, 34, Bengals, 57, 16, 98, 33, 12, 3, 15, 0, 1, 6, 15, 2, 1, 0, 1262, 3
2008-11-30, Falcons, 141, 43, 207, 23, 17, 3, 20, 3, 0, 20, 16, 8, 2, 1, 2098, 22, Chargers, 70, 19, 131, 30, 17, 9, 84, 0, 0, 13, 12, 3, 1, 0, 1502, 16
2008-11-30, Colts, 90, 29, 125, 21, 15, 2, 10, 1, 2, 14, 10, 5, 1, 0, 1666, 10, Browns, 101, 32, 92, 29, 16, 4, 25, 1, 1, 13, 20, 11, 1, 0, 1934, 6
2008-11-30, Panthers, 128, 27, 170, 17, 12, 2, 12, 1, 0, 15, 10, 4, 0, 0, 1328, 35, Packers, 145, 29, 293, 45, 29, 8, 49, 1, 1, 25, 16, 8, 1, 1, 2272, 31
2008-11-30, Dolphins, 149, 35, 178, 24, 14, 10, 94, 1, 0, 16, 12, 4, 0, 0, 1693, 16, Rams, 129, 30, 149, 35, 16, 5, 30, 0, 3, 19, 14, 7, 0, 0, 1907, 12
2008-11-30, Giants, 108, 35, 296, 34, 21, 3, 19, 0, 1, 23, 16, 7, 1, 0, 2144, 23, Redskins, 92, 18, 228, 39, 24, 7, 47, 1, 1, 17, 13, 4, 2, 0, 1456, 7
2008-11-30, Bears, 103, 26, 125, 29, 11, 5, 50, 0, 3, 10, 14, 3, 1, 0, 1575, 14, Vikings, 178, 39, 200, 25, 16, 4, 30, 0, 1, 17, 17, 5, 0, 0, 2025, 34
2008-11-30, Chiefs, 145, 37, 156, 22, 15, 6, 57, 0, 1, 17, 16, 8, 0, 0, 2111, 20, Raiders, 139, 29, 132, 28, 10, 5, 39, 2, 0, 14, 13, 3, 3, 1, 1489, 13
2008-11-30, Saints, 44, 18, 288, 47, 25, 5, 45, 0, 3, 18, 13, 5, 1, 0, 1844, 20, Buccaneers, 149, 34, 105, 23, 9, 1, 5, 1, 0, 11, 15, 2, 2, 2, 1756, 23
2008-12-01, Jaguars, 126, 26, 262, 35, 25, 8, 60, 2, 1, 21, 11, 4, 2, 1, 1983, 17, Texans, 126, 26, 200, 25, 14, 5, 30, 0, 1, 18, 8, 1, 1, 0, 1617, 30
2008-12-04, Raiders, 54, 16, 109, 30, 17, 6, 70, 1, 3, 9, 12, 2, 1, 0, 1547, 7, Chargers, 158, 46, 214, 22, 10, 9, 51, 1, 0, 18, 18, 9, 2, 2, 2053, 34
2008-12-07, Chiefs, 83, 18, 177, 32, 17, 1, 5, 0, 0, 14, 12, 5, 2, 1, 1402, 17, Broncos, 139, 30, 286, 40, 32, 1, 5, 0, 1, 27, 14, 9, 0, 0, 2198, 24
2008-12-07, Vikings, 130, 32, 168, 20, 15, 6, 35, 0, 2, 20, 9, 5, 0, 0, 1820, 20, Lions, 76, 27, 191, 24, 14, 4, 32, 0, 0, 15, 11, 3, 2, 0, 1780, 16
2008-12-07, Eagles, 140, 42, 191, 30, 19, 9, 73, 0, 0, 24, 18, 12, 0, 0, 2094, 20, Giants, 88, 24, 123, 27, 13, 6, 43, 0, 0, 14, 11, 3, 3, 0, 1506, 14
2008-12-07, Falcons, 99, 30, 315, 33, 24, 5, 34, 0, 1, 22, 12, 7, 0, 0, 1972, 25, Saints, 184, 30, 230, 32, 18, 3, 30, 0, 0, 24, 10, 4, 1, 1, 1628, 29
2008-12-07, Texans, 141, 31, 408, 42, 28, 4, 30, 3, 1, 25, 13, 7, 1, 1, 2043, 24, Packers, 108, 20, 279, 30, 19, 6, 65, 0, 1, 16, 10, 1, 0, 0, 1557, 21
2008-12-07, Dolphins, 115, 34, 180, 29, 23, 5, 28, 0, 0, 18, 13, 4, 1, 1, 2251, 16, Bills, 84, 18, 79, 27, 13, 3, 25, 1, 1, 13, 10, 1, 2, 1, 1349, 3
2008-12-07, Jets, 59, 12, 123, 31, 20, 8, 57, 0, 1, 10, 10, 1, 2, 1, 1211, 14, 49ers, 100, 33, 275, 39, 28, 3, 25, 1, 1, 25, 15, 8, 1, 1, 2389, 24
2008-12-07, Rams, 85, 25, 223, 38, 22, 1, 5, 2, 1, 17, 13, 5, 3, 1, 1767, 10, Cardinals, 63, 22, 272, 33, 24, 5, 30, 0, 1, 18, 9, 3, 0, 0, 1833, 34
2008-12-07, Jaguars, 119, 28, 159, 38, 19, 4, 21, 0, 1, 14, 17, 5, 3, 1, 1923, 10, Bears, 86, 26, 210, 34, 20, 1, 5, 0, 1, 16, 15, 5, 1, 1, 1677, 23
2008-12-07, Browns, 35, 19, 143, 44, 22, 8, 68, 0, 1, 12, 16, 4, 1, 1, 1574, 9, Titans, 235, 43, 155, 23, 14, 13, 131, 1, 2, 21, 13, 7, 2, 1, 2026, 28
2008-12-07, Patriots, 84, 25, 260, 44, 26, 1, 15, 0, 0, 22, 18, 10, 1, 1, 2035, 24, Seahawks, 134, 26, 205, 28, 20, 5, 39, 1, 0, 18, 12, 7, 0, 0, 1565, 21
2008-12-07, Bengals, 82, 24, 170, 32, 22, 3, 23, 1, 3, 17, 14, 6, 0, 0, 1973, 3, Colts, 57, 20, 277, 32, 26, 3, 21, 1, 0, 20, 8, 4, 1, 1, 1627, 35
2008-12-07, Cowboys, 95, 26, 194, 36, 19, 5, 24, 2, 3, 15, 14, 3, 3, 0, 1830, 13, Steelers, 70, 26, 168, 33, 17, 2, 10, 2, 0, 13, 16, 3, 2, 1, 1770, 20
2008-12-07, Redskins, 62, 21, 192, 37, 21, 7, 39, 1, 2, 14, 14, 3, 2, 2, 1750, 10, Ravens, 147, 39, 134, 21, 10, 4, 35, 1, 1, 12, 15, 5, 2, 1, 1850, 24
2008-12-08, Buccaneers, 86, 24, 298, 38, 24, 5, 34, 0, 0, 21, 14, 6, 2, 1, 1828, 23, Panthers, 299, 37, 165, 20, 14, 4, 26, 0, 2, 26, 10, 8, 0, 0, 1772, 38
2008-12-11, Saints, 119, 32, 226, 43, 24, 5, 97, 0, 2, 22, 17, 7, 2, 1, 2192, 24, Bears, 55, 20, 171, 41, 24, 4, 24, 1, 2, 16, 12, 5, 1, 0, 1574, 27
2008-12-14, Broncos, 121, 23, 158, 33, 21, 3, 25, 1, 1, 15, 13, 6, 0, 0, 1750, 10, Panthers, 147, 30, 253, 26, 17, 5, 35, 0, 1, 18, 10, 4, 0, 0, 1850, 30
2008-12-14, Steelers, 91, 27, 220, 40, 22, 6, 48, 2, 0, 18, 17, 8, 0, 0, 1898, 13, Ravens, 112, 31, 90, 28, 11, 6, 40, 0, 2, 12, 14, 4, 0, 0, 1702, 9
2008-12-14, Giants, 72, 17, 146, 35, 18, 7, 40, 0, 2, 17, 13, 3, 1, 1, 1832, 8, Cowboys, 100, 21, 221, 30, 20, 11, 108, 0, 0, 17, 11, 3, 0, 0, 1768, 20
2008-12-14, Seahawks, 125, 27, 208, 25, 15, 5, 35, 2, 0, 16, 11, 5, 0, 0, 1562, 23, Rams, 131, 31, 211, 33, 20, 6, 40, 2, 0, 18, 12, 3, 2, 2, 2038, 20
2008-12-14, Patriots, 277, 38, 210, 30, 18, 4, 20, 0, 1, 29, 13, 8, 0, 0, 1841, 49, Raiders, 116, 27, 218, 33, 17, 7, 45, 0, 1, 19, 13, 5, 2, 1, 1759, 26
2008-12-14, Bills, 187, 32, 119, 39, 24, 4, 33, 1, 3, 23, 14, 6, 2, 2, 2129, 27, Jets, 165, 24, 207, 30, 17, 3, 25, 0, 2, 18, 11, 4, 1, 0, 1471, 31
2008-12-14, Chargers, 68, 19, 326, 48, 34, 10, 83, 2, 1, 22, 13, 4, 2, 1, 1669, 22, Chiefs, 102, 31, 175, 29, 20, 4, 30, 0, 1, 22, 12, 6, 0, 0, 1931, 21
2008-12-14, Redskins, 113, 32, 167, 28, 17, 9, 75, 2, 0, 15, 14, 4, 0, 0, 1732, 13, Bengals, 106, 33, 204, 29, 16, 6, 41, 0, 0, 17, 14, 4, 1, 1, 1868, 20
2008-12-14, Packers, 84, 28, 254, 32, 20, 3, 30, 0, 1, 18, 16, 10, 1, 0, 1923, 16, Jaguars, 94, 19, 229, 33, 21, 6, 58, 0, 0, 18, 12, 6, 1, 1, 1677, 20
2008-12-14, Buccaneers, 99, 26, 226, 37, 26, 11, 76, 0, 1, 19, 14, 3, 0, 0, 2086, 10, Falcons, 175, 43, 198, 23, 15, 3, 20, 1, 2, 18, 14, 6, 0, 0, 2170, 13
2008-12-14, Lions, 90, 22, 233, 34, 23, 6, 48, 2, 0, 18, 10, 4, 0, 0, 1639, 21, Colts, 106, 29, 315, 37, 28, 5, 31, 2, 0, 28, 12, 6, 1, 1, 1961, 31
2008-12-14, 49ers, 112, 27, 206, 47, 30, 4, 22, 0, 0, 24, 17, 8, 1, 0, 2293, 9, Dolphins, 98, 22, 150, 19, 12, 8, 66, 0, 0, 11, 7, 1, 0, 0, 1307, 14
2008-12-14, Vikings, 239, 44, 157, 17, 11, 6, 34, 1, 0, 20, 15, 10, 0, 0, 2074, 35, Cardinals, 43, 7, 273, 50, 32, 5, 60, 1, 1, 16, 13, 4, 3, 2, 1526, 14
2008-12-14, Titans, 100, 24, 181, 33, 15, 7, 64, 1, 1, 14, 13, 2, 1, 0, 1418, 12, Texans, 107, 29, 268, 39, 23, 11, 127, 1, 0, 22, 17, 7, 1, 1, 2182, 13
2008-12-15, Browns, 57, 20, 139, 29, 11, 3, 20, 0, 2, 11, 12, 3, 1, 0, 1325, 10, Eagles, 134, 33, 284, 38, 26, 1, 5, 0, 3, 21, 17, 11, 0, 0, 2275, 30
2008-12-18, Colts, 32, 18, 364, 34, 29, 6, 50, 0, 0, 20, 10, 6, 0, 0, 1687, 31, Jaguars, 105, 27, 304, 41, 28, 7, 60, 0, 1, 28, 13, 7, 1, 1, 1913, 24
2008-12-20, Ravens, 265, 36, 123, 25, 17, 3, 19, 1, 0, 20, 15, 5, 1, 1, 1950, 33, Cowboys, 92, 21, 235, 45, 24, 10, 86, 0, 2, 16, 17, 8, 1, 0, 1650, 24
2008-12-21, Bills, 87, 26, 188, 25, 17, 4, 26, 0, 0, 20, 10, 4, 0, 0, 1609, 30, Broncos, 181, 27, 351, 45, 25, 6, 62, 1, 1, 27, 14, 7, 1, 0, 1991, 23
2008-12-21, Cardinals, 44, 15, 142, 32, 12, 3, 20, 1, 1, 8, 13, 3, 1, 0, 1285, 7, Patriots, 183, 42, 331, 38, 21, 7, 65, 0, 0, 27, 16, 8, 1, 1, 2315, 47
2008-12-21, Saints, 181, 30, 351, 40, 30, 3, 12, 1, 0, 32, 12, 11, 0, 0, 2069, 42, Lions, 129, 27, 126, 26, 11, 6, 35, 0, 2, 15, 12, 5, 1, 0, 1531, 7
2008-12-21, Jets, 115, 25, 150, 31, 18, 6, 45, 0, 2, 16, 12, 3, 1, 0, 1824, 3, Seahawks, 120, 36, 175, 25, 18, 5, 28, 2, 0, 17, 12, 2, 0, 0, 1776, 13
2008-12-21, 49ers, 83, 17, 190, 34, 18, 5, 32, 1, 3, 15, 11, 4, 1, 1, 1282, 17, Rams, 129, 39, 214, 37, 20, 7, 45, 0, 1, 21, 18, 6, 3, 2, 2318, 16
2008-12-21, Steelers, 73, 25, 301, 39, 25, 3, 17, 2, 2, 23, 13, 6, 0, 0, 1851, 14, Titans, 117, 31, 205, 29, 20, 4, 45, 0, 0, 16, 14, 3, 2, 2, 1749, 31
2008-12-21, Chargers, 90, 26, 280, 31, 21, 4, 25, 0, 0, 21, 13, 7, 0, 0, 1851, 41, Buccaneers, 111, 27, 231, 35, 21, 2, 25, 1, 2, 20, 14, 6, 2, 1, 1749, 24
2008-12-21, Dolphins, 168, 30, 235, 34, 26, 2, 15, 1, 1, 26, 11, 7, 1, 0, 2050, 38, Chiefs, 180, 21, 312, 41, 20, 5, 46, 1, 3, 23, 10, 3, 4, 2, 1550, 31
2008-12-21, Eagles, 62, 16, 213, 46, 26, 3, 20, 1, 0, 15, 14, 3, 1, 1, 1606, 3, Redskins, 122, 32, 127, 33, 18, 3, 25, 0, 0, 17, 15, 5, 0, 0, 1994, 10
2008-12-21, Panthers, 158, 35, 185, 19, 11, 2, 14, 0, 0, 16, 12, 6, 0, 0, 1556, 28, Giants, 301, 41, 158, 27, 17, 2, 10, 0, 0, 25, 16, 9, 0, 0, 2347, 34
2008-12-21, Falcons, 98, 32, 124, 24, 13, 6, 70, 0, 0, 18, 12, 5, 0, 0, 1625, 24, Vikings, 161, 31, 195, 36, 22, 3, 15, 4, 0, 24, 13, 6, 4, 2, 1975, 17
2008-12-21, Texans, 90, 22, 234, 36, 19, 1, 15, 0, 1, 17, 13, 3, 3, 2, 1711, 16, Raiders, 139, 34, 223, 25, 18, 2, 14, 1, 0, 17, 14, 7, 1, 0, 1889, 27
2008-12-21, Bengals, 191, 46, 55, 9, 5, 2, 20, 1, 0, 12, 14, 7, 0, 0, 1907, 14, Browns, 141, 29, 41, 22, 12, 9, 65, 0, 4, 13, 12, 4, 1, 0, 1693, 0
2008-12-22, Packers, 65, 29, 260, 39, 24, 6, 50, 1, 1, 20, 17, 8, 2, 2, 2142, 17, Bears, 74, 26, 136, 27, 14, 4, 35, 0, 2, 15, 12, 3, 1, 1, 1670, 20
2008-12-28, Patriots, 168, 47, 73, 8, 6, 2, 10, 0, 0, 16, 10, 2, 3, 3, 1920, 13, Bills, 161, 35, 115, 25, 14, 3, 20, 1, 0, 15, 17, 9, 2, 0, 1680, 0
2008-12-28, Chiefs, 31, 15, 189, 36, 19, 6, 73, 1, 0, 14, 13, 4, 1, 0, 1341, 6, Bengals, 204, 39, 125, 30, 18, 4, 43, 0, 0, 23, 16, 7, 1, 0, 2259, 16
2008-12-28, Seahawks, 87, 28, 243, 43, 24, 11, 82, 1, 2, 24, 13, 3, 3, 3, 1936, 21, Cardinals, 111, 19, 346, 38, 24, 10, 100, 1, 1, 19, 12, 6, 0, 0, 1664, 34
2008-12-28, Rams, 202, 37, 206, 32, 19, 3, 14, 0, 0, 22, 15, 5, 3, 1, 2113, 27, Falcons, 263, 32, 154, 21, 10, 3, 14, 1, 2, 17, 10, 2, 0, 0, 1487, 31
2008-12-28, Panthers, 234, 42, 244, 20, 14, 5, 30, 0, 0, 23, 12, 6, 0, 0, 2215, 33, Saints, 50, 11, 367, 49, 30, 7, 48, 1, 1, 22, 13, 7, 1, 1, 1385, 31
2008-12-28, Browns, 106, 29, 20, 18, 6, 6, 47, 0, 2, 8, 13, 3, 2, 1, 1600, 0, Steelers, 176, 35, 193, 27, 17, 8, 65, 0, 1, 20, 12, 7, 0, 0, 2000, 31
2008-12-28, Raiders, 192, 35, 145, 21, 14, 4, 25, 0, 1, 18, 13, 6, 0, 0, 1918, 31, Buccaneers, 125, 26, 255, 33, 17, 6, 83, 0, 1, 15, 15, 6, 2, 1, 1682, 24
2008-12-28, Bears, 69, 18, 225, 37, 22, 2, 10, 1, 0, 21, 10, 2, 1, 1, 1346, 24, Texans, 127, 36, 328, 36, 27, 7, 70, 1, 0, 25, 10, 4, 1, 1, 2254, 31
2008-12-28, Lions, 96, 29, 220, 42, 22, 5, 60, 0, 2, 19, 17, 5, 5, 4, 1802, 21, Packers, 211, 27, 273, 31, 21, 6, 60, 1, 0, 20, 12, 5, 2, 0, 1798, 31
2008-12-28, Giants, 135, 30, 222, 30, 19, 7, 49, 0, 0, 19, 12, 4, 0, 0, 2059, 19, Vikings, 110, 27, 218, 26, 16, 2, 20, 0, 1, 15, 13, 7, 1, 0, 1541, 20
2008-12-28, Dolphins, 126, 29, 193, 31, 22, 6, 30, 1, 0, 18, 14, 6, 2, 1, 2028, 24, Jets, 80, 21, 251, 41, 21, 5, 36, 1, 3, 16, 13, 7, 0, 0, 1572, 17
2008-12-28, Cowboys, 87, 19, 211, 41, 23, 5, 46, 4, 1, 15, 14, 5, 1, 1, 1745, 6, Eagles, 137, 36, 166, 21, 12, 0, 0, 1, 0, 16, 14, 7, 0, 0, 1855, 44
2008-12-28, Broncos, 90, 10, 316, 49, 33, 4, 79, 0, 2, 25, 8, 3, 3, 1, 1433, 21, Chargers, 289, 42, 202, 20, 15, 6, 67, 0, 0, 28, 11, 7, 2, 2, 2167, 52
2008-12-28, Titans, 83, 18, 42, 17, 11, 3, 30, 0, 0, 8, 10, 3, 0, 0, 1300, 0, Colts, 121, 27, 269, 37, 29, 3, 20, 0, 0, 21, 14, 8, 0, 0, 2300, 23
2008-12-28, Jaguars, 118, 27, 127, 25, 14, 7, 28, 2, 2, 14, 12, 6, 1, 0, 1678, 7, Ravens, 127, 34, 304, 25, 18, 7, 55, 0, 0, 20, 14, 6, 0, 0, 1922, 27
2008-12-28, Redskins, 125, 34, 143, 30, 18, 2, 10, 1, 0, 19, 13, 5, 2, 2, 1920, 24, 49ers, 121, 26, 238, 30, 21, 3, 15, 0, 1, 19, 10, 4, 0, 0, 1680, 27
2009-01-03, Falcons, 60, 24, 190, 40, 26, 6, 52, 1, 2, 20, 14, 6, 1, 1, 1798, 24, Cardinals, 86, 28, 271, 32, 19, 6, 47, 0, 1, 15, 15, 6, 0, 0, 1802, 30
2009-01-03, Colts, 64, 22, 302, 42, 25, 9, 74, 0, 0, 17, 15, 6, 1, 0, 1751, 17, Chargers, 167, 33, 190, 36, 20, 3, 40, 1, 1, 26, 14, 6, 1, 1, 2229, 23
2009-01-04, Ravens, 151, 33, 135, 23, 9, 7, 59, 1, 0, 16, 12, 5, 0, 0, 1594, 27, Dolphins, 52, 21, 224, 38, 25, 4, 34, 1, 4, 18, 10, 2, 1, 0, 2006, 9
2009-01-04, Eagles, 67, 23, 283, 34, 23, 7, 55, 1, 1, 15, 14, 5, 0, 0, 1674, 26, Vikings, 148, 34, 153, 35, 15, 4, 25, 1, 1, 16, 18, 8, 0, 0, 1926, 14
2009-01-10, Ravens, 50, 30, 161, 22, 11, 8, 40, 0, 0, 9, 13, 3, 0, 0, 1553, 13, Titans, 116, 28, 275, 42, 26, 12, 89, 2, 1, 21, 14, 4, 2, 0, 2047, 10
2009-01-10, Cardinals, 145, 43, 215, 32, 21, 5, 65, 0, 1, 21, 18, 10, 0, 0, 2389, 33, Panthers, 75, 15, 194, 34, 17, 6, 40, 1, 5, 16, 8, 2, 1, 0, 1211, 13
2009-01-11, Chargers, 15, 12, 275, 35, 21, 8, 104, 1, 1, 15, 12, 5, 0, 0, 1410, 24, Steelers, 165, 42, 177, 27, 17, 7, 44, 0, 0, 22, 14, 6, 2, 0, 2190, 35
2009-01-11, Eagles, 59, 28, 217, 40, 22, 8, 61, 0, 2, 20, 14, 7, 0, 0, 1785, 23, Giants, 138, 32, 169, 29, 15, 6, 49, 1, 2, 16, 13, 3, 3, 1, 1815, 11
2009-01-18, Eagles, 97, 18, 357, 47, 28, 7, 64, 2, 1, 22, 14, 7, 1, 0, 1804, 25, Cardinals, 102, 29, 267, 28, 21, 3, 15, 1, 0, 21, 12, 5, 1, 1, 1796, 32
2009-01-18, Ravens, 73, 25, 125, 30, 13, 6, 53, 1, 3, 13, 13, 3, 1, 0, 1611, 14, Steelers, 52, 28, 223, 33, 16, 6, 67, 1, 0, 11, 18, 7, 0, 0, 1989, 23
2009-02-01, Steelers, 58, 25, 234, 30, 21, 7, 56, 0, 1, 20, 10, 4, 0, 0, 1981, 27, Cardinals, 33, 12, 374, 43, 31, 11, 106, 1, 1, 23, 8, 3, 0, 0, 1619, 23
